x_m,y_m
5.400000000000016342e+00,1.110000000000002984e+01
5.400000000000016342e+00,1.120000000000003126e+01
5.400000000000016342e+00,1.135000000000003162e+01
5.400000000000016342e+00,1.150000000000003197e+01
5.400000000000016342e+00,1.165000000000003233e+01
5.400000000000016342e+00,1.180000000000003268e+01
5.400000000000016342e+00,1.190000000000003411e+01
5.400000000000016342e+00,1.205000000000003446e+01
5.400000000000016342e+00,1.220000000000003482e+01
5.400000000000016342e+00,1.235000000000003340e+01
5.400000000000016342e+00,1.245000000000003482e+01
5.400000000000016342e+00,1.260000000000003517e+01
5.400000000000016342e+00,1.275000000000003553e+01
5.400000000000016342e+00,1.290000000000003588e+01
5.404195804195820685e+00,1.305000000000003624e+01
5.398018648018664045e+00,1.315000000000003411e+01
5.380186480186496034e+00,1.325000000000003553e+01
5.360023310023326104e+00,1.335000000000003695e+01
5.346853146853161931e+00,1.345000000000003837e+01
5.350000000000015632e+00,1.355000000000003624e+01
5.350000000000015632e+00,1.365000000000003766e+01
5.350000000000015632e+00,1.375000000000003908e+01
5.350000000000015632e+00,1.390000000000003766e+01
5.350000000000015632e+00,1.400000000000003908e+01
5.350000000000015632e+00,1.415000000000003766e+01
5.350000000000015632e+00,1.425000000000003908e+01
5.350000000000015632e+00,1.440000000000003944e+01
5.350000000000015632e+00,1.455000000000003979e+01
5.350000000000015632e+00,1.470000000000004015e+01
5.350000000000015632e+00,1.485000000000004050e+01
5.350000000000015632e+00,1.500000000000004263e+01
5.350000000000015632e+00,1.515000000000004121e+01
5.350000000000015632e+00,1.525000000000004263e+01
5.350000000000015632e+00,1.540000000000004121e+01
5.350000000000015632e+00,1.550000000000004263e+01
5.350000000000015632e+00,1.560000000000004405e+01
5.350000000000015632e+00,1.575000000000004263e+01
5.350000000000015632e+00,1.585000000000004405e+01
5.350000000000015632e+00,1.600000000000004263e+01
5.350000000000015632e+00,1.610000000000004405e+01
5.350000000000015632e+00,1.620000000000004547e+01
5.350000000000015632e+00,1.630000000000004690e+01
5.350000000000015632e+00,1.645000000000004547e+01
5.350000000000015632e+00,1.655000000000004690e+01
5.350000000000015632e+00,1.670000000000004547e+01
5.350000000000015632e+00,1.680000000000004690e+01
5.350000000000015632e+00,1.690000000000004832e+01
5.353146853146868445e+00,1.700000000000004619e+01
5.339976689976705160e+00,1.710000000000004405e+01
5.319813519813535230e+00,1.720000000000004547e+01
5.301981351981366331e+00,1.730000000000004690e+01
5.295804195804210579e+00,1.740000000000004832e+01
5.300000000000014921e+00,1.750000000000004974e+01
5.300000000000014921e+00,1.765000000000004832e+01
5.300000000000014921e+00,1.775000000000004974e+01
5.300000000000014921e+00,1.790000000000004832e+01
5.300000000000014921e+00,1.800000000000004974e+01
5.300000000000014921e+00,1.815000000000004832e+01
5.300000000000014921e+00,1.825000000000004974e+01
5.304195804195819264e+00,1.835000000000005116e+01
5.298018648018662624e+00,1.845000000000005258e+01
5.280186480186494613e+00,1.855000000000005045e+01
5.260023310023324683e+00,1.865000000000005187e+01
5.246853146853160510e+00,1.875000000000004974e+01
5.250000000000014211e+00,1.885000000000005116e+01
5.250000000000014211e+00,1.895000000000005258e+01
5.250000000000014211e+00,1.905000000000005400e+01
5.250000000000014211e+00,1.915000000000005542e+01
5.250000000000014211e+00,1.930000000000005045e+01
5.250000000000014211e+00,1.940000000000005542e+01
5.250000000000014211e+00,1.955000000000005045e+01
5.250000000000014211e+00,1.965000000000005542e+01
5.250000000000014211e+00,1.980000000000005400e+01
5.250000000000014211e+00,1.990000000000005542e+01
5.250000000000014211e+00,2.000000000000005684e+01
5.250000000000014211e+00,2.015000000000005542e+01
5.250000000000014211e+00,2.025000000000005684e+01
5.250000000000014211e+00,2.040000000000005542e+01
5.250000000000014211e+00,2.050000000000005684e+01
5.250000000000014211e+00,2.060000000000005826e+01
5.250000000000014211e+00,2.075000000000005684e+01
5.250000000000014211e+00,2.090000000000005542e+01
5.250000000000014211e+00,2.100000000000005684e+01
5.254195804195818553e+00,2.110000000000005826e+01
5.248018648018662802e+00,2.120000000000005969e+01
5.230186480186494791e+00,2.130000000000005755e+01
5.210023310023325749e+00,2.140000000000005542e+01
5.196853146853163352e+00,2.150000000000005684e+01
5.200000000000017053e+00,2.160000000000005826e+01
5.200000000000017053e+00,2.170000000000005969e+01
5.200000000000017053e+00,2.180000000000006111e+01
5.200000000000017053e+00,2.190000000000006253e+01
5.200000000000017053e+00,2.205000000000006111e+01
5.200000000000017053e+00,2.215000000000006253e+01
5.200000000000017053e+00,2.230000000000006111e+01
5.200000000000017053e+00,2.240000000000006253e+01
5.200000000000017053e+00,2.255000000000006111e+01
5.200000000000017053e+00,2.265000000000006253e+01
5.204195804195821395e+00,2.275000000000006395e+01
5.202214452214468210e+00,2.285839160839167050e+01
5.165151515151530148e+00,2.298531468531474786e+01
5.052214452214466966e+00,2.301538461538467573e+01
4.900000000000014566e+00,2.299580419580425783e+01
4.800000000000014921e+00,2.300000000000006040e+01
4.700000000000013500e+00,2.300000000000006040e+01
4.550000000000013145e+00,2.300000000000006040e+01
4.400000000000012790e+00,2.300000000000006040e+01
4.250000000000012434e+00,2.300000000000006040e+01
4.150000000000011902e+00,2.300000000000006040e+01
4.000000000000012434e+00,2.300000000000006040e+01
3.900000000000011458e+00,2.300000000000006040e+01
3.750000000000011546e+00,2.300000000000006040e+01
3.650000000000011013e+00,2.300000000000006040e+01
3.550000000000010481e+00,2.300000000000006040e+01
3.450000000000010392e+00,2.300000000000006040e+01
3.350000000000010303e+00,2.300000000000006040e+01
3.200000000000009948e+00,2.300000000000006040e+01
3.100000000000009415e+00,2.300000000000006040e+01
2.950000000000009059e+00,2.300000000000006040e+01
2.850000000000008971e+00,2.300000000000006040e+01
2.750000000000008882e+00,2.300314685314691587e+01
2.650000000000007905e+00,2.298997668997674992e+01
2.550000000000008260e+00,2.296981351981358443e+01
2.450000000000007727e+00,2.295198135198141642e+01
2.350000000000007638e+00,2.294580419580426067e+01
2.250000000000007550e+00,2.295000000000006324e+01
2.150000000000006573e+00,2.295000000000006324e+01
2.050000000000006484e+00,2.295000000000006324e+01
1.950000000000005729e+00,2.295000000000006324e+01
1.850000000000005418e+00,2.295000000000006324e+01
1.700000000000005507e+00,2.295000000000006324e+01
1.600000000000004752e+00,2.295000000000006324e+01
1.450000000000004841e+00,2.295000000000006324e+01
1.350000000000004086e+00,2.295000000000006324e+01
1.250000000000003997e+00,2.295000000000006324e+01
1.150000000000003464e+00,2.295734265734272128e+01
1.046853146853150118e+00,2.293065268065274509e+01
9.198135198135232171e-01,2.290967365967372160e+01
7.980186480186511888e-01,2.293065268065274509e+01
6.500000000000021316e-01,2.295419580419586936e+01
5.500000000000021538e-01,2.295000000000006324e+01
4.500000000000021205e-01,2.295000000000006324e+01
3.500000000000014211e-01,2.295000000000006324e+01
2.000000000000015099e-01,2.295000000000006324e+01
1.000000000000007550e-01,2.295000000000006324e+01
-4.999999999999913541e-02,2.295000000000006324e+01
-1.499999999999999112e-01,2.295000000000006324e+01
-2.999999999999997669e-01,2.295000000000006324e+01
-4.000000000000005773e-01,2.294685314685321131e+01
-5.000000000000004441e-01,2.296002331002337371e+01
-6.000000000000011990e-01,2.298018648018654275e+01
-7.000000000000010658e-01,2.299801864801870721e+01
-8.000000000000012657e-01,2.300419580419586651e+01
-9.000000000000016875e-01,2.300000000000006040e+01
-1.000000000000001776e+00,2.300000000000006040e+01
-1.100000000000002309e+00,2.300000000000006040e+01
-1.200000000000002398e+00,2.300000000000006040e+01
-1.300000000000002709e+00,2.300000000000006040e+01
-1.400000000000003020e+00,2.300000000000006040e+01
-1.500000000000003109e+00,2.300000000000006040e+01
-1.600000000000003419e+00,2.300000000000006040e+01
-1.700000000000003730e+00,2.300000000000006040e+01
-1.800000000000004263e+00,2.300000000000006040e+01
-1.900000000000004352e+00,2.300000000000006040e+01
-2.000000000000004441e+00,2.300000000000006040e+01
-2.100000000000004974e+00,2.300000000000006040e+01
-2.200000000000005063e+00,2.300000000000006040e+01
-2.300000000000005596e+00,2.300000000000006040e+01
-2.400000000000005684e+00,2.300000000000006040e+01
-2.500000000000005773e+00,2.300000000000006040e+01
-2.600000000000005862e+00,2.300000000000006040e+01
-2.700000000000006395e+00,2.300000000000006040e+01
-2.800000000000006484e+00,2.300000000000006040e+01
-2.900000000000007017e+00,2.300000000000006040e+01
-3.000000000000007105e+00,2.300000000000006040e+01
-3.100000000000007638e+00,2.300000000000006040e+01
-3.204195804195812070e+00,2.300734265734271844e+01
-3.305361305361313118e+00,2.299533799533805833e+01
-3.395337995338003179e+00,2.290536130536136739e+01
-3.407342657342665060e+00,2.280419580419586723e+01
-3.400000000000007461e+00,2.270000000000005969e+01
-3.400000000000007461e+00,2.255000000000006111e+01
-3.400000000000007461e+00,2.245000000000005969e+01
-3.400000000000007461e+00,2.230000000000006111e+01
-3.400000000000007461e+00,2.220000000000005969e+01
-3.400000000000007461e+00,2.210000000000005826e+01
-3.400000000000007461e+00,2.200000000000005684e+01
-3.400000000000007461e+00,2.185000000000005826e+01
-3.400000000000007461e+00,2.175000000000005684e+01
-3.400000000000007461e+00,2.160000000000005826e+01
-3.396853146853154204e+00,2.150000000000005684e+01
-3.410023310023317933e+00,2.140000000000005542e+01
-3.430186480186488307e+00,2.130000000000005755e+01
-3.448018648018656762e+00,2.120000000000005969e+01
-3.454195804195812514e+00,2.110000000000005826e+01
-3.450000000000008171e+00,2.100000000000005684e+01
-3.450000000000008171e+00,2.090000000000005542e+01
-3.450000000000008171e+00,2.080000000000005400e+01
-3.450000000000008171e+00,2.065000000000005542e+01
-3.450000000000008171e+00,2.055000000000005400e+01
-3.450000000000008171e+00,2.040000000000005542e+01
-3.450000000000008171e+00,2.030000000000005400e+01
-3.450000000000008171e+00,2.020000000000005258e+01
-3.450000000000008171e+00,2.005000000000005400e+01
-3.450000000000008171e+00,1.995000000000005258e+01
-3.450000000000008171e+00,1.985000000000005116e+01
-3.450000000000008171e+00,1.975000000000004974e+01
-3.450000000000008171e+00,1.960000000000005471e+01
-3.450000000000008171e+00,1.950000000000005329e+01
-3.450000000000008171e+00,1.935000000000005116e+01
-3.450000000000008171e+00,1.920000000000005258e+01
-3.450000000000008171e+00,1.910000000000005116e+01
-3.450000000000008171e+00,1.900000000000004974e+01
-3.450000000000008171e+00,1.885000000000005116e+01
-3.450000000000008171e+00,1.875000000000004974e+01
-3.450000000000008171e+00,1.860000000000005116e+01
-3.450000000000008171e+00,1.850000000000004974e+01
-3.450000000000008171e+00,1.835000000000005116e+01
-3.450000000000008171e+00,1.825000000000004974e+01
-3.450000000000008171e+00,1.815000000000004832e+01
-3.450000000000008171e+00,1.800000000000004974e+01
-3.450000000000008171e+00,1.790000000000004832e+01
-3.450000000000008171e+00,1.780000000000004690e+01
-3.450000000000008171e+00,1.765000000000004832e+01
-3.450000000000008171e+00,1.755000000000004690e+01
-3.450000000000008171e+00,1.745000000000004547e+01
-3.445804195804203829e+00,1.730000000000004690e+01
-3.455128205128214169e+00,1.720000000000004547e+01
-3.459790209790218007e+00,1.710000000000004405e+01
-3.459790209790218007e+00,1.700000000000004619e+01
-3.455128205128214169e+00,1.690000000000004832e+01
-3.445804195804203829e+00,1.680000000000004690e+01
-3.450000000000008171e+00,1.670000000000004547e+01
-3.450000000000008171e+00,1.660000000000004405e+01
-3.450000000000008171e+00,1.645000000000004547e+01
-3.450000000000008171e+00,1.635000000000004405e+01
-3.450000000000008171e+00,1.625000000000004263e+01
-3.450000000000008171e+00,1.615000000000004121e+01
-3.450000000000008171e+00,1.600000000000004263e+01
-3.450000000000008171e+00,1.585000000000004405e+01
-3.450000000000008171e+00,1.575000000000004263e+01
-3.450000000000008171e+00,1.565000000000004121e+01
-3.450000000000008171e+00,1.550000000000004263e+01
-3.450000000000008171e+00,1.540000000000004121e+01
-3.450000000000008171e+00,1.525000000000004263e+01
-3.450000000000008171e+00,1.515000000000004121e+01
-3.450000000000008171e+00,1.505000000000003979e+01
-3.450000000000008171e+00,1.495000000000003837e+01
-3.450000000000008171e+00,1.480000000000003979e+01
-3.450000000000008171e+00,1.465000000000003944e+01
-3.450000000000008171e+00,1.450000000000003908e+01
-3.450000000000008171e+00,1.435000000000003872e+01
-3.450000000000008171e+00,1.420000000000003837e+01
-3.450000000000008171e+00,1.405000000000003801e+01
-3.450000000000008171e+00,1.390000000000003766e+01
-3.450000000000008171e+00,1.375000000000003908e+01
-3.450000000000008171e+00,1.365000000000003766e+01
-3.450000000000008171e+00,1.355000000000003624e+01
-3.450000000000008171e+00,1.340000000000003766e+01
-3.450000000000008171e+00,1.330000000000003624e+01
-3.450000000000008171e+00,1.320000000000003482e+01
-3.450000000000008171e+00,1.305000000000003624e+01
-3.450000000000008171e+00,1.295000000000003482e+01
-3.450000000000008171e+00,1.285000000000003340e+01
-3.450000000000008171e+00,1.270000000000003482e+01
-3.450000000000008171e+00,1.255000000000003268e+01
-3.450000000000008171e+00,1.240000000000003411e+01
-3.450000000000008171e+00,1.225000000000003375e+01
-3.450000000000008171e+00,1.210000000000003340e+01
-3.450000000000008171e+00,1.200000000000003197e+01
-3.450000000000008171e+00,1.185000000000003340e+01
-3.450000000000008171e+00,1.175000000000003197e+01
-3.450000000000008171e+00,1.160000000000003162e+01
-3.450000000000008171e+00,1.145000000000003126e+01
-3.450000000000008171e+00,1.130000000000003091e+01
-3.450000000000008171e+00,1.115000000000003055e+01
-3.450000000000008171e+00,1.100000000000003020e+01
-3.450000000000008171e+00,1.085000000000002984e+01
-3.450000000000008171e+00,1.075000000000002842e+01
-3.450000000000008171e+00,1.060000000000002984e+01
-3.450000000000008171e+00,1.045000000000002771e+01
-3.450000000000008171e+00,1.030000000000002913e+01
-3.450000000000008171e+00,1.020000000000002771e+01
-3.450000000000008171e+00,1.005000000000002913e+01
-3.450000000000008171e+00,9.950000000000027711e+00
-3.450000000000008171e+00,9.800000000000027356e+00
-3.450000000000008171e+00,9.650000000000027001e+00
-3.450000000000008171e+00,9.500000000000026645e+00
-3.450000000000008171e+00,9.400000000000025224e+00
-3.450000000000008171e+00,9.250000000000026645e+00
-3.450000000000008171e+00,9.100000000000024514e+00
-3.453146853146861872e+00,9.000000000000024869e+00
-3.439976689976698587e+00,8.900000000000023448e+00
-3.422960372960380582e+00,8.800000000000025580e+00
-3.391958041958049730e+00,8.700000000000024158e+00
-3.365617715617723604e+00,8.600000000000022737e+00
-3.351981351981360380e+00,8.500000000000024869e+00
-3.345804195804204184e+00,8.400000000000023448e+00
-3.350000000000008527e+00,8.300000000000022027e+00
-3.350000000000008527e+00,8.150000000000023448e+00
-3.350000000000008527e+00,8.000000000000023093e+00
-3.350000000000008527e+00,7.900000000000021672e+00
-3.350000000000008527e+00,7.750000000000022204e+00
-3.350000000000008527e+00,7.650000000000021672e+00
-3.350000000000008527e+00,7.500000000000021316e+00
-3.350000000000008527e+00,7.400000000000019895e+00
-3.350000000000008527e+00,7.250000000000021316e+00
-3.350000000000008527e+00,7.150000000000019895e+00
-3.350000000000008527e+00,7.000000000000019540e+00
-3.350000000000008527e+00,6.900000000000019007e+00
-3.350000000000008527e+00,6.750000000000019540e+00
-3.350000000000008527e+00,6.650000000000019007e+00
-3.350000000000008527e+00,6.550000000000018474e+00
-3.350000000000008527e+00,6.450000000000017941e+00
-3.350000000000008527e+00,6.300000000000018474e+00
-3.350000000000008527e+00,6.200000000000017053e+00
-3.350000000000008527e+00,6.050000000000017586e+00
-3.350000000000008527e+00,5.950000000000017053e+00
-3.350000000000008527e+00,5.800000000000016698e+00
-3.350000000000008527e+00,5.650000000000016342e+00
-3.350000000000008527e+00,5.500000000000015987e+00
-3.350000000000008527e+00,5.400000000000015454e+00
-3.350000000000008527e+00,5.250000000000015987e+00
-3.350000000000008527e+00,5.150000000000014566e+00
-3.350000000000008527e+00,5.000000000000014211e+00
-3.350000000000008527e+00,4.850000000000013856e+00
-3.350000000000008527e+00,4.700000000000013500e+00
-3.350000000000008527e+00,4.550000000000013145e+00
-3.346853146853155270e+00,4.450000000000013500e+00
-3.360023310023318110e+00,4.350000000000012967e+00
-3.380186480186488041e+00,4.250000000000012434e+00
-3.398018648018655608e+00,4.150000000000011902e+00
-3.404195804195811803e+00,4.050000000000012257e+00
-3.400000000000007461e+00,3.950000000000011724e+00
-3.400000000000007461e+00,3.850000000000011191e+00
-3.400000000000007461e+00,3.700000000000011724e+00
-3.400000000000007461e+00,3.600000000000010747e+00
-3.400000000000007461e+00,3.500000000000010658e+00
-3.400000000000007461e+00,3.400000000000009237e+00
-3.400000000000007461e+00,3.300000000000009148e+00
-3.400000000000007461e+00,3.150000000000009237e+00
-3.400000000000007461e+00,3.050000000000008704e+00
-3.400000000000007461e+00,2.900000000000007905e+00
-3.400000000000007461e+00,2.800000000000007816e+00
-3.400000000000007461e+00,2.650000000000007461e+00
-3.400000000000007461e+00,2.550000000000007372e+00
-3.400000000000007461e+00,2.400000000000006573e+00
-3.400000000000007461e+00,2.250000000000006661e+00
-3.400000000000007461e+00,2.150000000000006128e+00
-3.400000000000007461e+00,2.050000000000006040e+00
-3.400000000000007461e+00,1.900000000000005462e+00
-3.400000000000007461e+00,1.800000000000005373e+00
-3.400000000000007461e+00,1.650000000000004796e+00
-3.400000000000007461e+00,1.550000000000004707e+00
-3.400000000000007461e+00,1.400000000000003908e+00
-3.404195804195811803e+00,1.300000000000004263e+00
-3.398018648018655608e+00,1.200000000000004174e+00
-3.380186480186488041e+00,1.100000000000003419e+00
-3.360023310023318110e+00,1.000000000000003553e+00
-3.350000000000008527e+00,9.000000000000027978e-01
-3.344172494172502397e+00,8.000000000000028200e-01
-3.317832167832175827e+00,7.000000000000026201e-01
-3.282167832167840249e+00,6.000000000000021982e-01
-3.255827505827514123e+00,5.000000000000023315e-01
-3.250000000000008882e+00,4.000000000000016320e-01
-3.239976689976698410e+00,3.000000000000014877e-01
-3.224009324009331934e+00,2.000000000000012046e-01
-3.207342657342665326e+00,9.265734265734351660e-02
-3.145337995338002735e+00,-2.552447552447477744e-02
-3.004195804195811448e+00,-5.932400932400843513e-02
-2.900000000000007017e+00,-6.981351981351921476e-02
-2.800000000000006484e+00,-8.997668997668972768e-02
-2.700000000000006395e+00,-1.031468531468531236e-01
-2.600000000000005862e+00,-9.999999999999992228e-02
-2.500000000000005773e+00,-9.685314685314683203e-02
-2.400000000000005684e+00,-1.100233100233097283e-01
-2.300000000000005596e+00,-1.301864801864795196e-01
-2.200000000000005063e+00,-1.480186480186470310e-01
-2.100000000000004974e+00,-1.541958041958030878e-01
-2.000000000000004441e+00,-1.499999999999989675e-01
-1.900000000000004352e+00,-1.499999999999989675e-01
-1.800000000000004263e+00,-1.499999999999989675e-01
-1.700000000000003730e+00,-1.499999999999989675e-01
-1.600000000000003419e+00,-1.499999999999989675e-01
-1.500000000000003109e+00,-1.458041958041947084e-01
-1.400000000000003020e+00,-1.519813519813509872e-01
-1.300000000000002709e+00,-1.740093240093233962e-01
-1.200000000000002398e+00,-1.879953379953376302e-01
-1.100000000000002309e+00,-1.833333333333328763e-01
-1.000000000000001776e+00,-1.600233100233091621e-01
-9.000000000000016875e-01,-1.468531468531457662e-01
-8.000000000000012657e-01,-1.499999999999989675e-01
-7.000000000000010658e-01,-1.499999999999989675e-01
-5.500000000000004885e-01,-1.499999999999989675e-01
-4.000000000000005773e-01,-1.499999999999989675e-01
-2.999999999999997669e-01,-1.499999999999989675e-01
-1.499999999999999112e-01,-1.499999999999989675e-01
-4.999999999999913541e-02,-1.499999999999989675e-01
1.000000000000007550e-01,-1.499999999999989675e-01
2.000000000000015099e-01,-1.468531468531457662e-01
3.000000000000014877e-01,-1.600233100233091621e-01
4.000000000000014655e-01,-1.801864801864796750e-01
5.000000000000022204e-01,-1.980186480186478248e-01
6.000000000000020872e-01,-2.083916083916083628e-01
7.000000000000028422e-01,-1.980186480186478248e-01
8.000000000000028200e-01,-1.801864801864796750e-01
9.000000000000027978e-01,-1.600233100233091621e-01
1.000000000000003553e+00,-1.468531468531457662e-01
1.100000000000003419e+00,-1.499999999999989675e-01
1.200000000000004174e+00,-1.499999999999989675e-01
1.300000000000004263e+00,-1.499999999999989675e-01
1.450000000000004841e+00,-1.499999999999989675e-01
1.600000000000004752e+00,-1.499999999999989675e-01
1.700000000000005507e+00,-1.499999999999989675e-01
1.850000000000005418e+00,-1.458041958041947084e-01
1.950000000000005729e+00,-1.519813519813509872e-01
2.050000000000006484e+00,-1.698135198135191093e-01
2.150000000000006573e+00,-1.899766899766896500e-01
2.250000000000007550e+00,-2.031468531468530458e-01
2.350000000000007638e+00,-1.999999999999998446e-01
2.450000000000007727e+00,-1.999999999999998446e-01
2.550000000000008260e+00,-1.999999999999998446e-01
2.700000000000008171e+00,-1.999999999999998446e-01
2.800000000000008704e+00,-1.999999999999998446e-01
2.900000000000008793e+00,-1.999999999999998446e-01
3.000000000000009770e+00,-1.999999999999998446e-01
3.150000000000009681e+00,-1.999999999999998446e-01
3.250000000000010658e+00,-1.999999999999998446e-01
3.350000000000010303e+00,-2.073426573426571662e-01
3.450000000000010392e+00,-1.879953379953376857e-01
3.550000000000010481e+00,-1.499999999999996614e-01
3.650000000000011013e+00,-1.120046620046617480e-01
3.750000000000011546e+00,-9.265734265734254516e-02
3.850000000000011191e+00,-9.999999999999992228e-02
3.950000000000011724e+00,-9.999999999999992228e-02
4.050000000000012257e+00,-9.999999999999992228e-02
4.200000000000012612e+00,-9.999999999999992228e-02
4.300000000000013145e+00,-9.999999999999992228e-02
4.400000000000012790e+00,-1.031468531468531236e-01
4.500000000000013323e+00,-8.997668997668972768e-02
4.600000000000013856e+00,-6.981351981351921476e-02
4.700000000000013500e+00,-5.198135198135107882e-02
4.800000000000014921e+00,-4.580419580419479303e-02
4.900000000000014566e+00,-4.999999999999906602e-02
5.050000000000014921e+00,-5.419580419580317943e-02
5.150000000000014566e+00,-5.536130536130459689e-02
5.257342657342672254e+00,-2.552447552447477744e-02
5.345337995338010906e+00,4.463869463869549192e-02
5.395337995338010728e+00,1.458041958041968733e-01
5.407342657342673498e+00,2.500000000000014988e-01
5.400000000000016342e+00,3.500000000000015321e-01
5.400000000000016342e+00,4.500000000000020650e-01
5.400000000000016342e+00,5.500000000000022649e-01
5.400000000000016342e+00,6.500000000000023537e-01
5.400000000000016342e+00,7.500000000000029976e-01
5.400000000000016342e+00,9.000000000000027978e-01
5.400000000000016342e+00,1.000000000000003553e+00
5.396853146853162642e+00,1.100000000000003419e+00
5.410023310023325926e+00,1.200000000000004174e+00
5.430186480186497633e+00,1.300000000000004263e+00
5.448018648018665644e+00,1.400000000000003908e+00
5.454195804195821395e+00,1.500000000000004885e+00
5.446853146853164240e+00,1.600000000000004752e+00
5.460023310023327525e+00,1.700000000000005507e+00
5.475990675990692225e+00,1.800000000000005373e+00
5.495804195804209868e+00,1.900000000000005462e+00
5.525990675990691159e+00,2.000000000000006217e+00
5.559790209790225646e+00,2.100000000000005862e+00
5.593123543123558861e+00,2.200000000000006839e+00
5.606293706293723034e+00,2.300000000000006928e+00
5.589976689976705160e+00,2.400000000000006573e+00
5.569813519813536118e+00,2.500000000000007105e+00
5.551981351981368107e+00,2.600000000000007638e+00
5.545804195804210579e+00,2.700000000000008171e+00
5.550000000000014921e+00,2.800000000000007816e+00
5.550000000000014921e+00,2.900000000000007905e+00
5.550000000000014921e+00,3.000000000000008882e+00
5.550000000000014921e+00,3.150000000000009237e+00
5.550000000000014921e+00,3.250000000000009770e+00
5.550000000000014921e+00,3.400000000000009237e+00
5.550000000000014921e+00,3.500000000000010658e+00
5.550000000000014921e+00,3.600000000000010747e+00
5.550000000000014921e+00,3.700000000000011724e+00
5.550000000000014921e+00,3.800000000000011813e+00
5.553146853146868622e+00,3.900000000000011458e+00
5.539976689976705337e+00,4.000000000000012434e+00
5.519813519813535407e+00,4.100000000000012079e+00
5.501981351981366508e+00,4.200000000000012612e+00
5.495804195804209868e+00,4.300000000000013145e+00
5.500000000000014211e+00,4.400000000000012790e+00
5.500000000000014211e+00,4.500000000000013323e+00
5.500000000000014211e+00,4.600000000000013856e+00
5.500000000000014211e+00,4.750000000000014211e+00
5.500000000000014211e+00,4.900000000000014566e+00
5.500000000000014211e+00,5.050000000000014921e+00
5.500000000000014211e+00,5.200000000000015277e+00
5.500000000000014211e+00,5.300000000000015810e+00
5.500000000000014211e+00,5.450000000000015277e+00
5.500000000000014211e+00,5.550000000000016698e+00
5.500000000000014211e+00,5.700000000000017053e+00
5.500000000000014211e+00,5.850000000000017408e+00
5.500000000000014211e+00,6.000000000000017764e+00
5.500000000000014211e+00,6.150000000000018119e+00
5.500000000000014211e+00,6.300000000000018474e+00
5.500000000000014211e+00,6.450000000000017941e+00
5.500000000000014211e+00,6.550000000000018474e+00
5.500000000000014211e+00,6.650000000000019007e+00
5.500000000000014211e+00,6.750000000000019540e+00
5.500000000000014211e+00,6.900000000000019007e+00
5.500000000000014211e+00,7.000000000000019540e+00
5.500000000000014211e+00,7.150000000000019895e+00
5.500000000000014211e+00,7.250000000000021316e+00
5.500000000000014211e+00,7.400000000000019895e+00
5.503146853146867912e+00,7.500000000000021316e+00
5.489976689976705515e+00,7.600000000000020961e+00
5.469813519813536473e+00,7.700000000000020606e+00
5.451981351981368462e+00,7.800000000000022027e+00
5.445804195804212711e+00,7.900000000000021672e+00
5.450000000000017053e+00,8.000000000000023093e+00
5.450000000000017053e+00,8.150000000000023448e+00
5.450000000000017053e+00,8.300000000000022027e+00
5.450000000000017053e+00,8.400000000000023448e+00
5.450000000000017053e+00,8.500000000000024869e+00
5.450000000000017053e+00,8.650000000000023448e+00
5.450000000000017053e+00,8.750000000000024869e+00
5.450000000000017053e+00,8.850000000000026290e+00
5.450000000000017053e+00,9.000000000000024869e+00
5.450000000000017053e+00,9.150000000000027001e+00
5.450000000000017053e+00,9.300000000000025580e+00
5.450000000000017053e+00,9.450000000000025935e+00
5.450000000000017053e+00,9.550000000000027356e+00
5.450000000000017053e+00,9.700000000000027711e+00
5.450000000000017053e+00,9.850000000000028066e+00
5.450000000000017053e+00,1.000000000000002842e+01
5.454195804195821395e+00,1.015000000000002700e+01
5.448018648018665644e+00,1.025000000000002842e+01
5.430186480186497633e+00,1.035000000000002984e+01
5.410023310023325926e+00,1.045000000000002771e+01
5.396853146853162642e+00,1.055000000000002913e+01
5.400000000000016342e+00,1.065000000000003055e+01
5.400000000000016342e+00,1.080000000000002913e+01
5.400000000000016342e+00,1.090000000000003055e+01
5.400000000000016342e+00,1.105000000000003268e+01
